,resource_state,name,distance,moving_time,elapsed_time,total_elevation_gain,type,sport_type,id,start_date,start_date_local,timezone,utc_offset,location_city,location_state,location_country,achievement_count,kudos_count,comment_count,athlete_count,photo_count,trainer,commute,manual,private,visibility,flagged,gear_id,start_latlng,end_latlng,average_speed,max_speed,average_temp,has_heartrate,average_heartrate,max_heartrate,heartrate_opt_out,display_hide_heartrate_option,upload_id,upload_id_str,external_id,from_accepted_tag,pr_count,total_photo_count,has_kudoed,athlete.id,athlete.resource_state,map.id,map.summary_polyline,map.resource_state,average_cadence,elev_high,elev_low,workout_type
0,2,Morning Weight Training,0.0,4568,4568,0.0,WeightTraining,WeightTraining,8046225122,2022-10-31T06:49:31Z,2022-10-31T06:49:31Z,(GMT+00:00) GMT0,0.0,,,,0,3,0,1,0,True,False,False,False,everyone,False,,[],[],0.0,0.0,26,True,118.2,163.0,False,True,8611018552,8611018552,garmin_ping_245187901913,False,0,0,False,52284254,1,a8046225122,,2,,,,
1,2,Afternoon Hike,3775.5,2682,2682,11.0,Hike,Hike,8043145428,2022-10-30T13:54:51Z,2022-10-30T13:54:51Z,(GMT+00:00) Europe/London,0.0,,,,0,0,0,1,0,False,False,False,False,everyone,False,,"[51.781045999377966, -0.7457617297768593]","[51.78746125660837, -0.7572530675679445]",1.408,2.634,20,True,85.1,106.0,False,True,8607397214,8607397214,garmin_ping_245086730348,False,0,0,False,52284254,1,a8043145428,we`{HtspCD?~@i@FG`@q@H]NYDS?WXi@Js@Nm@XeAN]DUDCB_@HQFqABEJi@Le@@QJKNWJaAN[DEBI\]v@kA?CJG^MFGj@Uz@Cx@DxBb@\@pA^F?DEJ?FBHENBFEz@DPAh@Jh@BRD~@?|AHLAXBbA@l@DHBFj@Cd@LbAJdBHb@FfCFn@HZ@PAp@Dj@?v@DXTr@BP@PRdA@NGJGDG@ORWL_@Fc@Li@CSB]NOJQDKAEIk@A[Na@B_@LIFW@KOESSMeAMGT_@h@GTSFIAe@h@]DUe@IE[JIFKFIAKDQEIGOEGDi@ESHK?YNIJKXCCGYWi@g@m@SIYGc@Dw@Zo@FCFOXQ?CDa@z@SZEVEBO\Sr@GVA^KVGFALUPk@zAeA`Cg@rAw@xA}@zB_@v@SRcClFkA`Do@dA]dAe@z@Qj@m@nAEFB@_@r@GTg@dAa@rAOv@Yd@KDSXUVi@^u@EWBgA?m@O?EICIBIZKRIVOp@Ir@GPKTWIc@ASGoAKSE@CQc@OGUA,2,56.3,122.2,98.8,
2,2,Lunch Run,9016.6,3239,3292,82.0,Run,Run,8042036972,2022-10-30T11:03:30Z,2022-10-30T11:03:30Z,(GMT+00:00) Europe/London,0.0,,,,0,4,0,1,0,False,False,False,False,everyone,False,,"[51.721082450821996, -0.5838892422616482]","[51.72110918909311, -0.5838739033788443]",2.784,4.159,20,True,152.6,167.0,False,True,8606086906,8606086906,garmin_ping_245066590630,False,0,0,False,52284254,1,a8042036972,ostzHzyqBPz@Xp@NfBBxBGr@Dr@IxAMhAUj@?LDHRNJ?VDpBv@v@NTJPAz@NVAh@d@p@RVMJMn@e@^c@TOF?LLh@|APn@V|AHx@l@bDhA~D\~@x@pAZr@JLNHFJd@dAXt@Zh@Vl@p@hAPBVMX@XSn@_ANk@Rc@BCHCb@Nn@h@f@HRRVf@Ll@Bd@^f@TTx@hA`@`@n@v@z@~@V`@f@f@t@`A^v@Zh@XPb@B`@WT[v@eCFGR@Eq@U_BCuAGi@C}@QqB?eAGy@HoFAWFqAAMHs@?e@JiBByAFsAHeDGG{@Ce@Da@BuAZ_@ZGn@Ez@Jr@Z|AJz@RfAJ\v@hAdAx@XJ?k@ASDcBHaABuCFkBRgCB_AH_@@YG}A]{ECw@DyBPyC?{@EYFwAAMD[DqADUD_BFu@GsABI@g@e@aDm@qBOw@_@yCE_AEWw@cM?gAHeAVaBF{@E}@H_EBmIOgB@mDAo@D}@Gq@@iAEuDFe@To@rBgADI@i@BEvAeBXa@`@[LQz@u@nAcBjBgBVm@Lk@FG|AiAh@Mp@UPONE\@h@Qf@Y\KHQDo@Lq@Rm@Xa@DYFu@A_@@c@BEAk@BQ`@g@JeAUq@QUG]?e@QiB]aAOk@Qc@GCk@@UVMxAOh@Uf@EX?Bf@D?BKb@U^q@zBMl@_ApBGb@g@rAE@Uo@W][IUDOJWZKNa@~@Kj@@~@@H\|@Ll@H~A}@vBWnBgAtAeA`Ai@r@k@^yAdBWLa@\{@|@GHSh@I^MPUYGOOB}@BQDu@Gc@NWYe@E[JeAl@YCWOU?WEQAe@GSEK?WI}@Oy@Eq@S[Qa@IWQ]KSOkBs@SUs@_@c@]wAaBi@_@]Ce@Di@Be@C]KWEcA]i@GaAUc@IaAWm@Sa@@STUp@CfAKt@Sr@OlCk@dF_@rBeAvEWtAy@~Cw@`EA|AGr@Id@Y|@Gd@Qv@Q|A?h@Rl@|@dAT`@XZv@fAn@p@L?PPPr@PxBA~@ElB,2,83.7,171.8,148.6,
3,2,UT2,0.0,3732,3732,0.0,Rowing,Rowing,8038377701,2022-10-29T16:23:17Z,2022-10-29T17:23:17Z,(GMT+01:00) Africa/Kinshasa,3600.0,,,,0,0,0,1,0,True,False,False,False,everyone,False,,[],[],0.0,0.0,23,True,151.7,165.0,False,True,8601911763,8601911763,garmin_ping_244955892956,False,0,0,False,52284254,1,a8038377701,,2,20.2,,,
4,2,Progression Run,7030.5,2008,2014,26.0,Run,Run,8032900873,2022-10-28T16:12:55Z,2022-10-28T17:12:55Z,(GMT+00:00) Europe/London,3600.0,,,,4,6,0,1,0,False,False,False,False,everyone,False,,"[51.721194349229336, -0.5838443152606487]","[51.72091741114855, -0.58461494743824]",3.501,4.68,19,True,173.0,185.0,False,True,8595714541,8595714541,garmin_ping_244817241295,False,1,0,False,52284254,1,a8032900873,gstzHryqB`@~BHbBHl@@xAIdBAp@Gv@SrAcAjEE^MX]bCCJGFS`DC`ASxBCz@@bAFjABtAX~D?jAFv@Cn@Mn@{AbBs@l@e@Z[L]@w@Ec@SeA[eCwA_@Ye@e@i@a@]_@wBkCy@{@}AmBi@k@o@}@uEmFo@{@}AcBYU{@}@}@w@aCqAOEm@[e@Se@GiAg@e@Ee@Qo@[aBg@w@a@iAu@cAw@uFoFgCkBuA}AyBmBa@Wo@i@OCu@g@k@e@eA_@wAs@c@WWa@]IiDiBmBq@y@QKAc@Ma@WADBD`@Tj@Xf@NlBx@j@RVLdA`@|@f@`@PjAr@b@Nl@^vAr@fBrAf@\r@\|AnAd@^bAhAlA~@bBhB|BlBl@l@lCrB|CrAjB`@ZFVH~CxA|@d@fBjAj@j@`@f@\`@t@h@v@v@vKdMr@v@JDdChD~AbBb@^zDzBjA^n@L`A?b@O\U\Wl@s@Zg@X]Ve@Dg@EaCGeBOyAMmCAsCVyD@}@L}AT_A`@aCh@kCJs@\cBNiAHoA@cCCsAMwA,2,84.9,173.2,159.0,0.0
5,2,Morning Weight Training,0.0,4689,4689,0.0,WeightTraining,WeightTraining,8030657947,2022-10-28T05:51:34Z,2022-10-28T06:51:34Z,(GMT+01:00) Etc/GMT-1,3600.0,,,,0,7,0,1,0,True,False,False,False,everyone,False,,[],[],0.0,0.0,27,True,132.2,180.0,False,True,8593177947,8593177947,garmin_ping_244762283602,False,0,0,False,52284254,1,a8030657947,,2,,,,
6,2,2x10’ UT1,0.0,1328,1328,0.0,Rowing,Rowing,8028428012,2022-10-27T17:19:28Z,2022-10-27T18:19:28Z,(GMT+01:00) Etc/GMT-1,3600.0,,,,0,0,0,1,0,True,False,False,False,everyone,False,,[],[],0.0,0.0,23,True,174.1,190.0,False,True,8590659611,8590659611,garmin_ping_244692244253,False,0,0,False,52284254,1,a8028428012,,2,24.1,,,
7,2,UT2,0.0,3746,3746,0.0,Rowing,Rowing,8023789752,2022-10-26T17:45:13Z,2022-10-26T18:45:13Z,(GMT+01:00) Eire,3600.0,,,,0,0,0,1,0,True,False,False,False,everyone,False,,[],[],0.0,0.0,24,True,153.7,163.0,False,True,8585416777,8585416777,garmin_ping_244568338851,False,0,0,False,52284254,1,a8023789752,,2,20.2,,,
8,2,Afternoon Run,12065.0,4473,4520,176.0,Run,Run,8018047379,2022-10-25T16:01:13Z,2022-10-25T17:01:13Z,(GMT+00:00) Europe/London,3600.0,,,,2,11,0,1,0,False,False,False,False,everyone,False,,"[51.721149841323495, -0.5838486738502979]","[51.72092579305172, -0.5839050002396107]",2.697,3.804,19,True,145.7,168.0,False,True,8578961442,8578961442,garmin_ping_244424638868,False,0,0,False,52284254,1,a8018047379,qrtzHzrpB@iBEwAEe@[qA@Sb@u@rDyJVWXe@Rq@DYLORuA~AiGd@iBj@{ALq@JK`EiApA_APSpCoAvAc@PQF}@K}@GQIyABS`BVRNbA\nBLp@@bATLTTv@ThCx@`Db@tAZlA`BpEd@zAR^B\Lr@RjBH\FFnBd@^BDERcABcCCyDK_EC}CEc@Fw@@eAEkEJk@V_@lAk@d@]FKAQFg@PO\e@tAqA~@eAb@Y~@_BvBmBd@mA`@e@~@u@`@O\E|@]t@G`@SdAUbAgA`@k@v@u@Zi@v@cAhAy@ZEMF?HNZNv@Dj@VjADl@rD~Ql@hCd@nAPp@Jx@MLWp@{ArEu@dBmAfD_@lA@XEXA`AGj@OdAATKh@MTEzABJOb@Iv@ILWlBAlCCReAfAc@N_@EmBfA_@HYRO\Hh@?\Dd@I`AChAN~E?NMv@Fv@GjB?`CHj@rAfGn@rB`@z@xB~BrCjC~AfB~@fBlBhEh@`A^|@Tv@JBp@c@tAsA~@qAt@{AV_AXkARm@T]b@c@vBoA`@IpABVKJ_@DyA@qDN_A?Ul@oBPaAF{ARyAFcBE{@Wu@C@{@}AkAaCw@yCgCoGy@gCQu@Ug@WSg@Ae@Li@VMZc@n@OPcANaAz@S?}@Oc@JYVa@v@k@p@}@xAITEj@Hz@?XGRQRe@Jg@DeAESHy@vA[VMTg@~A]VqA@QPKz@CpCCRKVsGUa@H}A`AQUJNVAFP@n@N^N|@Vx@p@lAZv@`@tAf@xAzBfGj@rCp@`B?DGFCCi@qAQs@Qc@AM_@mAGo@Ka@_@y@E]Uq@MQEa@s@gBaAsBe@}As@gB[kAUUYJIVa@f@YNY^gAv@}@f@STu@pAa@pIAn@Dj@InBSpBC`AHpBRlC@h@MxADxA?v@GrA?pCBb@KrD@t@YxEIfD?`@Jl@JrERfC@p@TjAEV_@VSj@Y\a@rAS\WE]Yu@cB]k@qBeC}@_AgD_EGu@Qq@Yk@SOe@E{Aw@OTWNk@bAeArAWHY_@[}@sAkC[{@a@e@_@}@W[g@eAi@uBa@_ASu@e@eCg@yBs@{Bg@gAYCyBvB}@Ma@a@cC_@mEyAJ_ARkAD{@AuB@m@MiDIk@WmAEe@,2,82.4,176.2,110.0,0.0
9,2,Morning Weight Training,0.0,4298,4298,0.0,WeightTraining,WeightTraining,8015401559,2022-10-25T05:48:51Z,2022-10-25T06:48:51Z,(GMT+00:00) Portugal,3600.0,,,,0,4,0,1,0,True,False,False,False,everyone,False,,[],[],0.0,0.0,26,True,133.7,178.0,False,True,8575980292,8575980292,garmin_ping_244364506340,False,0,0,False,52284254,1,a8015401559,,2,,,,
10,2,3x10’ UT1,0.0,2045,2045,0.0,Rowing,Rowing,8012902759,2022-10-24T16:28:01Z,2022-10-24T17:28:01Z,(GMT+00:00) WET,3600.0,,,,0,4,0,1,0,True,False,False,False,everyone,False,,[],[],0.0,0.0,23,True,171.7,190.0,False,True,8573186705,8573186705,garmin_ping_244289084161,False,0,0,False,52284254,1,a8012902759,,2,20.3,,,
11,2,Morning Weight Training,0.0,4483,4483,0.0,WeightTraining,WeightTraining,8010707171,2022-10-24T05:49:05Z,2022-10-24T06:49:05Z,(GMT+01:00) Eire,3600.0,,,,0,4,0,1,0,True,False,False,False,everyone,False,,[],[],0.0,0.0,27,True,113.8,161.0,False,True,8570690034,8570690034,garmin_ping_244230885480,False,0,0,False,52284254,1,a8010707171,,2,,,,
12,2,Treadmill Run,7373.8,2701,2701,0.0,Run,Run,8006188406,2022-10-23T09:38:35Z,2022-10-23T10:38:35Z,(GMT+01:00) Etc/GMT-1,3600.0,,,,0,5,0,1,0,True,False,False,False,everyone,False,,[],[],2.73,3.178,23,True,149.2,159.0,False,True,8565454624,8565454624,garmin_ping_244113234938,False,0,0,False,52284254,1,a8006188406,,2,80.9,,,0.0
13,2,UT2,0.0,3739,3739,0.0,Rowing,Rowing,8003343082,2022-10-22T16:54:59Z,2022-10-22T17:54:59Z,(GMT+00:00) WET,3600.0,,,,0,0,0,1,0,True,False,False,False,everyone,False,,[],[],0.0,0.0,23,True,151.9,159.0,False,True,8562185461,8562185461,garmin_ping_244029328759,False,0,0,False,52284254,1,a8003343082,,2,20.2,,,
14,2,Threshold Run,8191.1,2700,2704,39.0,Run,Run,7995767601,2022-10-21T06:45:59Z,2022-10-21T07:45:59Z,(GMT+00:00) Europe/London,3600.0,,,,0,12,0,1,0,False,False,False,False,everyone,False,,"[51.72090349718928, -0.5832005850970745]","[51.72112511470914, -0.583385992795229]",3.034,5.138,18,True,163.3,180.0,False,True,8553625776,8553625776,garmin_ping_243840735975,False,0,0,False,52284254,1,a7995767601,wttzHbtqBLXRvA?DUZCV`@TfAbDLzACfBCv@@n@Ld@Gt@]vBELWb@UlA_@xAa@~B_@~AGd@AfCKz@Cj@FPB\HTFp@I`AJtEEb@Lb@@t@B^A~@Bv@GTk@t@e@^UZELCBeAr@YLSDK?}AEEGWGMKWGe@U}@k@m@e@]SaAw@k@q@KU[Q_@[QUWYm@SGOMk@eAeA_@g@a@o@{@gACUeAu@}AwBiCyCm@{@[WQYOKU[yAcAe@Ua@Wg@S]Qm@Qa@G{@[KCWKQ?_@Ka@EqBYeBs@o@c@c@QWWUOS_@IMk@[?ICGm@e@uAyAYSo@_@c@g@e@U_@c@_@WIKe@]W[iAu@IMe@]m@[IIGSCC[UYMyAgAYEy@g@w@_@QOUOcBy@cBo@cCw@S@KAg@Sg@W?DPL^JZ?\F`@Vn@Pd@RXPp@P\XtAx@RBDACDJL~@b@RF|@d@lAv@|@Zl@l@VNPDBAVH~@t@f@b@h@r@DJB@NENBFNZL`@Zf@l@d@`@PVz@t@`AhAL?j@NX`@Zn@r@n@|@\Z`@jAp@pAh@VDl@B^ALGH?PLZJb@?JBlA~@f@P`@XX^HRt@Z\VXZXRvArA^d@b@n@f@h@nAjBlApA\f@n@^`@`@fAvA`AbBh@XRb@V`@`@f@^l@PPt@b@\f@fAhARDfA`@~@?VJVALNj@Vh@Hr@C`@SVQf@[XWlA}AFu@CsBEGAKAaAOmCCaB@}@Ag@EYNkCLeAP{Cr@mEX{@\qBNc@Ho@Pm@He@F{BH_@Be@Ag@MqBCIGASD}@d@e@~@KNMHSDIDY^MBc@ZLELQDMHI`@SV_@Ha@JOvAk@J@Lo@?i@YkBEa@@QIw@Ss@Wo@q@wA_@m@EWOsAEy@Ak@Bw@Ga@_@}@I]DgAg@c@WKg@[UQO]s@e@KSo@u@]o@QSk@qA_AASCyAAeALe@E@IB?TR`@Df@@f@CvC]CD@P^hA\`@Vl@V`@D@RTP`@f@d@,2,84.2,171.6,159.6,0.0
15,2,Afternoon Weight Training,0.0,4282,4282,0.0,WeightTraining,WeightTraining,7993558498,2022-10-20T16:41:29Z,2022-10-20T17:41:29Z,(GMT+01:00) Eire,3600.0,,,,0,4,0,1,0,True,False,False,False,everyone,False,,[],[],0.0,0.0,28,True,142.7,184.0,False,True,8551147531,8551147531,garmin_ping_243770920436,False,0,0,False,52284254,1,a7993558498,,2,,,,
16,2,UT2,0.0,3753,3753,0.0,Rowing,Rowing,7989050225,2022-10-19T17:37:08Z,2022-10-19T18:37:08Z,(GMT+01:00) Eire,3600.0,,,,0,1,0,1,0,True,False,False,False,everyone,False,,[],[],0.0,0.0,22,True,150.4,161.0,False,True,8546085070,8546085070,garmin_ping_243647810190,False,0,0,False,52284254,1,a7989050225,,2,20.1,,,
17,2,Afternoon Run,8515.0,3200,3313,65.0,Run,Run,7983388404,2022-10-18T16:28:03Z,2022-10-18T17:28:03Z,(GMT+00:00) Europe/London,3600.0,,,,0,8,0,1,0,False,False,False,False,everyone,False,,"[51.721106842160225, -0.5835790280252695]","[51.721102483570576, -0.5839552078396082]",2.661,4.508,18,True,151.6,166.0,False,True,8539717690,8539717690,garmin_ping_243508426875,False,0,0,False,52284254,1,a7983388404,}stzHnwqB^~BNd@Nv@NpCFhBGxCKdAOx@DFx@b@XD`@L\Th@TZCXLJ@^JNH^APR\F`@J^AnBkBZAP^j@xAZfABTA^Fb@Vl@f@tCt@lDL`@b@dAd@n@`@|@LN^bAb@~@Z`@jAzB\VZGf@m@b@o@RSTi@PUp@PPRx@PVTTp@Pv@Rj@`@l@RN|BxCXXz@dALJf@p@z@`BV\HFp@VZEPWR_@n@eBj@EJZFC@EGe@e@cAKa@[qCMm@Cy@@q@FaA@y@Io@?y@F{@FoCFcA@uC^eLeAEaA?SJcAZ[PIh@A|@|@dHdApAtAdADKAQHa@CQ?kBDcBNqB?o@FwBD_APcA?MSyCKq@Co@Q}@E}@FuBRmBASD_@@yAAK?U`@iJGcB?o@Ga@YkAIs@QYO}@Sy@e@iDSiD]mHEQA_@?mABc@`@mDEsAN{EAcDBaCWuCCo@DaBESBM@]AqA[}DCu@K}@MQUDUJM@QRGAm@YSCSJ[CGIKA_@HYAGBQ?UFKFQAKI]C[@WIWBWC?BE?GE[IM?SGI?MIe@O[CYDg@Em@SSMoAWa@OWSQSYIc@a@}@i@o@w@EIq@u@m@[cBTIAo@S]Sc@Q_AKg@KqBm@UE_@Kk@CQFU~@Iv@C~@Kz@OCEHq@`I?^YzBm@bDkBzHu@nDEpAGz@]bBM~@e@`CUh@g@bAOt@YV_@~@OTIf@GEaBh@e@H_@Lo@^G?Mf@QLUHa@BSAQXHNVVdBpAz@|@r@j@@DAHGBSB]Cy@HgAAi@@]HEDK@GZDz@L~@d@bBTd@|@fARp@Pz@T~AH`APrARlCd@lEPjDJx@t@~CLv@t@|C^v@NRf@YBM`@_@n@u@RKFQZ[ZWh@UHIRU^w@\Y`@STE@EJc@?o@Ge@Kk@Om@Ii@,2,81.5,169.4,149.2,
18,2,Morning Weight Training,0.0,4447,4447,0.0,WeightTraining,WeightTraining,7980652175,2022-10-18T05:50:29Z,2022-10-18T06:50:29Z,(GMT+00:00) WET,3600.0,,,,0,3,0,1,0,True,False,False,False,everyone,False,,[],[],0.0,0.0,25,True,133.7,176.0,False,True,8536650280,8536650280,garmin_ping_243448714613,False,0,0,False,52284254,1,a7980652175,,2,,,,
19,2,30@20,0.0,1806,1806,0.0,Rowing,Rowing,7978100694,2022-10-17T16:39:36Z,2022-10-17T17:39:36Z,(GMT+00:00) Europe/Guernsey,3600.0,,,,0,9,0,1,0,True,False,False,False,everyone,False,,[],[],0.0,0.0,24,True,181.9,196.0,False,True,8533765526,8533765526,garmin_ping_243372856956,False,0,0,False,52284254,1,a7978100694,,2,20.2,,,
20,2,Morning Weight Training,0.0,4203,4203,0.0,WeightTraining,WeightTraining,7975768685,2022-10-17T05:48:12Z,2022-10-17T06:48:12Z,(GMT+01:00) Etc/GMT-1,3600.0,,,,0,3,0,1,0,True,False,False,False,everyone,False,,[],[],0.0,0.0,27,True,122.1,165.0,False,True,8531098372,8531098372,garmin_ping_243312864253,False,0,0,False,52284254,1,a7975768685,,2,,,,
21,2,Afternoon Run,8769.2,3471,3548,131.0,Run,Run,7972861566,2022-10-16T13:52:14Z,2022-10-16T14:52:14Z,(GMT+00:00) Europe/London,3600.0,,,,0,10,0,2,0,False,False,False,False,everyone,False,,"[51.72265539877117, -2.7078350074589252]","[51.72276687808335, -2.708123344928026]",2.526,3.662,21,True,152.0,166.0,False,True,8527653141,8527653141,garmin_ping_243225551849,False,0,0,False,52284254,1,a7972861566,ustzHjhpOVEVQt@YTKLM\MXUJMXkALWD[\aAVYz@y@^W~AkB`@YrAyAn@gAz@oBT_@d@_B`@gAl@kA\g@f@{@b@_A~@cAr@oAt@eB|@gAn@iAL?FRLx@Rt@Rr@Th@Hb@HXZd@x@bAHL@JKZY^Q^e@vBWpAG^En@Kf@Gj@UtAEh@Fx@XvAD^Dh@@rAI~@@`@I|@I`@Cb@Qv@MRm@JqBr@g@Ni@By@Hc@Lw@`@WDk@Dg@Ee@JcB~@qAvAg@x@Wz@Yj@Qr@g@h@S^c@fAOTIJ]TUZe@\u@v@u@bAS`@g@xBi@pA_@pAS\_@f@g@`AgAhCKZMPeAx@oAz@ONiAj@[XaAd@e@\_@Be@g@a@Qq@I_@@kAX_@@]Fy@FWFc@RaBnAg@ZkAZi@JwAN}@Lm@BWJc@FMFkAP_A@QFi@@OBQ?[DSNKBSEQ?_CVw@ASCUEQOAEAYJk@Bg@?kAEcBK{@A]Iu@?u@WsAS_BD{CIuCFcCJsALo@@iAJ]Z}C?i@LoABk@`@{CC}@DwCE_AHiAKmAFmCQ}AA{@BkAAg@Gi@E_AYkAe@_BY[KGQ^QrASf@aAtDE~@DlCEz@Ij@@r@IfCGf@@lAKbAQXeAZgBR[@gAAa@C_Ag@k@Ei@Vo@h@m@T[?e@Nq@Li@DSFkALSN[P?^DZJb@`@dARNb@Vp@LLTH|@DLFFRfAD\OVJ\PxBDx@?zCD\DtAChABh@Gj@@ZJ^Tb@dA~CLTJANJVGTQRSj@[PUrAcAd@k@^WTUhBeAN]VSPULINAHr@BpAb@nBHx@@f@Ff@PH\Gv@a@\K@j@Jz@N|C?t@SlBDJPTLDnADZA~@Ol@WZ_@VSF@TKXQVc@pAqB@CCIRQPYVm@Ra@DEFc@pA}DV_Ab@uAx@eBT_@d@gA@MPYXm@t@y@N_@n@iAVm@vAuBLKNUZSV]TGn@CFCn@y@Zm@f@kAx@w@DI,2,81.7,277.0,231.8,
22,2,10k UT2,0.0,2817,2817,0.0,Rowing,Rowing,7962376641,2022-10-14T15:03:05Z,2022-10-14T16:03:05Z,(GMT+00:00) WET,3600.0,,,,0,0,0,1,0,True,False,False,False,everyone,False,,[],[],0.0,0.0,22,True,153.3,162.0,False,True,8514940541,8514940541,garmin_ping_242976434707,False,0,0,False,52284254,1,a7962376641,,2,20.0,,,
23,2,Morning Weight Training,0.0,4671,4671,0.0,WeightTraining,WeightTraining,7960316192,2022-10-14T05:54:13Z,2022-10-14T06:54:13Z,(GMT+01:00) Africa/Lagos,3600.0,,,,0,3,0,1,0,True,False,False,False,everyone,False,,[],[],0.0,0.0,26,True,145.5,184.0,False,True,8512620093,8512620093,garmin_ping_242925257460,False,0,0,False,52284254,1,a7960316192,,2,,,,
24,2,UT2,0.0,3755,3755,0.0,Rowing,Rowing,7953783113,2022-10-12T18:34:06Z,2022-10-12T19:34:06Z,(GMT+01:00) Etc/GMT-1,3600.0,,,,0,4,0,1,0,True,False,False,False,everyone,False,,[],[],0.0,0.0,22,True,153.9,164.0,False,True,8505250287,8505250287,garmin_ping_242738836697,False,0,0,False,52284254,1,a7953783113,,2,20.0,,,
25,2,Afternoon Run,7103.9,2523,2531,51.0,Run,Run,7947359106,2022-10-11T16:10:45Z,2022-10-11T17:10:45Z,(GMT+00:00) Europe/London,3600.0,,,,1,6,0,1,0,False,False,False,False,everyone,False,,"[51.720861084759235, -0.5831183586269617]","[51.721039451658726, -0.5836180038750172]",2.816,4.183,19,True,149.0,161.0,False,True,8498058655,8498058655,garmin_ping_242588425202,False,0,0,False,52284254,1,a7947359106,cvtzHzqqBpArDNp@Ph@\xBRjD@z@OvDGl@YnABHb@HRAv@X^Nd@LdA^VB~@LDADBTTd@Vb@FXMtA{AZGTZZ`AZl@RbALjAVvAtA|FZjA\x@r@`ATl@RNXd@j@lAp@fAn@nAXPZUZGx@aA^u@V_@p@TX\XAd@NLPRl@R~@LZLLt@hArBlCz@bAx@bAd@p@v@`BT\l@LNCt@kAd@sADE`@CD@HPH@Ea@Qg@I][oDKk@Es@?eAIcCC]?c@TcE@wADy@?cAJsBHkCAYNkD?[uCH{@Nq@RQZAb@AZHdAP|@`@nDTj@b@`@\f@d@^^DLJJeBDgBViFLmGFu@GoBOeAGu@?kAEo@?_ABi@NaB@y@Ic@Fw@FoCRoD?g@?eAIeBKw@Om@As@c@oBYiBOu@[_DIy@C_Bc@wECcA?}@F}@ZkCBkD?_@DgBBiGCgA@SK{AAiAMkCBcDQwBGeAOi@GCI?_@PU@a@F]?]SYPG?OUOGI?s@Lm@XGFe@Iq@Ak@I[?UIm@I}@AWCMGi@Ci@K[Oy@We@Yc@MMMQEUOgBoAg@g@U_@cA_Ac@KcAF}@CaAWi@QuB]]QoBq@YE[LQl@K|@MbCEDKEEHQ~CUdCm@lEe@bCUx@u@|CWz@_@nBY~@Ih@GdBGr@U^Ed@?VGb@Of@Qx@IjAFf@xAnBh@l@h@b@FNT^HFXFLTLbAH|@FbC?r@,2,83.1,169.4,150.8,0.0
26,2,Morning Weight Training,0.0,4224,4224,0.0,WeightTraining,WeightTraining,7944842437,2022-10-11T05:52:13Z,2022-10-11T06:52:13Z,(GMT+01:00) Africa/Douala,3600.0,,,,0,4,0,1,0,True,False,False,False,everyone,False,,[],[],0.0,0.0,25,True,131.4,175.0,False,True,8495232136,8495232136,garmin_ping_242531572941,False,0,0,False,52284254,1,a7944842437,,2,,,,
27,2,3x10’ UT1,0.0,2045,2045,0.0,Rowing,Rowing,7942230222,2022-10-10T16:38:01Z,2022-10-10T17:38:01Z,(GMT+00:00) Atlantic/Faroe,3600.0,,,,0,0,0,1,0,True,False,False,False,everyone,False,,[],[],0.0,0.0,22,True,169.0,182.0,False,True,8492304268,8492304268,garmin_ping_242455324958,False,0,0,False,52284254,1,a7942230222,,2,20.3,,,
28,2,Uppers,0.0,3713,3713,0.0,WeightTraining,WeightTraining,7939882987,2022-10-10T06:02:00Z,2022-10-10T07:02:00Z,(GMT+01:00) Etc/GMT-1,3600.0,,,,0,3,0,1,0,True,False,False,False,everyone,False,,[],[],0.0,0.0,26,True,116.6,161.0,False,True,8489641681,8489641681,garmin_ping_242395953402,False,0,0,False,52284254,1,a7939882987,,2,,,,
29,2,Morning Run,12720.3,4476,4505,98.0,Run,Run,7934608501,2022-10-09T08:07:35Z,2022-10-09T09:07:35Z,(GMT+00:00) Europe/London,3600.0,,,,1,11,0,1,0,False,False,False,False,everyone,False,,"[51.721011623740196, -0.5833838135004044]","[51.721061328426, -0.5840258672833443]",2.842,4.116,18,True,156.7,167.0,False,True,8483585433,8483585433,garmin_ping_242271324191,False,1,0,False,52284254,1,a7934608501,ottzHluqBTt@`@dCTr@Nz@JhADhAM|EOjAQ~@@DRRf@JbDnAjATd@?n@j@f@F\CjBmBLGXNv@hBZtARpAh@vBjAxFTt@d@bAv@lAf@l@l@~AfAzBf@z@\NXIz@iA`AoBt@VT`@`ANZb@Rn@T`AFJl@r@R^Z`@|BfCfC|Cl@xA^h@b@Dt@q@LY^yANOZGV^DGAMI]Wk@Mk@GyBQqBAcAOcBE{ANmE@}@HeAHgGFqAHsDFmANaBImBc@iEC{@Ao@@{@ZqCGo@\mGJeDKqBAcA_BiHc@oDQqBYoEIeCGm@@oB^aDD{@C_AFyC?iIMeFBqBAgA@}GDs@^s@hAm@~@s@?}@bCuCz@u@N[tA_BtAsAVa@To@d@e@dAw@tAa@DGrAY\Q\A`@]?g@JYJs@PWN[?a@He@F{@Fe@Jc@RUD[AcASi@Uc@GEAq@J]@Y_@yBMe@O[QA_@^Q`@WbAEXs@hCQ^w@rCiAhDUVOOQe@k@YYHaAtAQh@Mj@Hz@Xj@\b@L?Z[fAyCP[?D_AhCk@rBW`@u@pBm@tBOl@y@tAg@l@a@Zi@j@{BpBiAlAc@BiBp@Qt@y@Fa@C]Qk@PSUGA_AX[\Y@gAM_@M]Jm@c@_@Ga@BWEMDa@Gq@?a@Km@]y@Ua@Ye@q@iBo@]WiB{Bc@Ug@GeAFi@GwEaAiDcAi@G[vAElAItASBADw@xIIb@O~Ac@zAShAu@nCEXEv@wAnGG`A?h@KrAWvA[dAWdBUl@QVWd@a@fBq@dA{At@_Bb@u@d@gAf@KNg@HGH?JHLxAdAbCbCCPk@JeEJa@VE^?h@Hl@\zA`@`Ar@n@RXRp@ZbBd@bE^lE\|CP|C`@hCR|@^vB|@nDEd@[VeCdD[BW[aAuBsAeCmCuFGa@VWhA]bBU~@e@pA]`@CN\VhBrA~GPl@Xf@VTKN]Ro@hAe@l@AL_AbBw@jBw@|AuAbC_@R{@BkAXk@?e@N{DdFWj@@HvAfBrBxBfCzCh@~@h@r@|@`Ab@\bB`AfDpAXFjACd@GVSV]bAaAj@s@NYJq@?}@GoCYiDImC?uBToELmBVgA^iCb@mBZoB\{ALwA@g@A}CIqCi@gCEg@,2,83.3,172.8,146.4,
